month,top_positive,top_negative
2010-01,"kayne.coulter@enron.com,eric.bass@enron.com,lydia.delgado@enron.com","bobette.riner@ipgdirect.com,johnny.palmer@enron.com,rhonda.denton@enron.com"
2010-02,"john.arnold@enron.com,johnny.palmer@enron.com,bobette.riner@ipgdirect.com","kayne.coulter@enron.com,lydia.delgado@enron.com,patti.thompson@enron.com"
2010-03,"sally.beck@enron.com,john.arnold@enron.com,bobette.riner@ipgdirect.com","rhonda.denton@enron.com,don.baughman@enron.com,kayne.coulter@enron.com"
2010-04,"don.baughman@enron.com,john.arnold@enron.com,kayne.coulter@enron.com","eric.bass@enron.com,sally.beck@enron.com,bobette.riner@ipgdirect.com"
2010-05,"don.baughman@enron.com,patti.thompson@enron.com,eric.bass@enron.com","johnny.palmer@enron.com,bobette.riner@ipgdirect.com,john.arnold@enron.com"
2010-06,"don.baughman@enron.com,john.arnold@enron.com,patti.thompson@enron.com","eric.bass@enron.com,bobette.riner@ipgdirect.com,kayne.coulter@enron.com"
2010-07,"eric.bass@enron.com,sally.beck@enron.com,bobette.riner@ipgdirect.com","patti.thompson@enron.com,don.baughman@enron.com,johnny.palmer@enron.com"
2010-08,"sally.beck@enron.com,rhonda.denton@enron.com,john.arnold@enron.com","patti.thompson@enron.com,don.baughman@enron.com,eric.bass@enron.com"
2010-09,"eric.bass@enron.com,patti.thompson@enron.com,john.arnold@enron.com","don.baughman@enron.com,kayne.coulter@enron.com,lydia.delgado@enron.com"
2010-10,"lydia.delgado@enron.com,johnny.palmer@enron.com,patti.thompson@enron.com","don.baughman@enron.com,kayne.coulter@enron.com,rhonda.denton@enron.com"
2010-11,"john.arnold@enron.com,patti.thompson@enron.com,rhonda.denton@enron.com","johnny.palmer@enron.com,don.baughman@enron.com,kayne.coulter@enron.com"
2010-12,"john.arnold@enron.com,lydia.delgado@enron.com,don.baughman@enron.com","johnny.palmer@enron.com,patti.thompson@enron.com,eric.bass@enron.com"
2011-01,"bobette.riner@ipgdirect.com,johnny.palmer@enron.com,eric.bass@enron.com","kayne.coulter@enron.com,don.baughman@enron.com,john.arnold@enron.com"
2011-02,"john.arnold@enron.com,lydia.delgado@enron.com,johnny.palmer@enron.com","eric.bass@enron.com,don.baughman@enron.com,bobette.riner@ipgdirect.com"
2011-03,"patti.thompson@enron.com,rhonda.denton@enron.com,john.arnold@enron.com","johnny.palmer@enron.com,don.baughman@enron.com,eric.bass@enron.com"
2011-04,"lydia.delgado@enron.com,johnny.palmer@enron.com,eric.bass@enron.com","sally.beck@enron.com,john.arnold@enron.com,kayne.coulter@enron.com"
2011-05,"lydia.delgado@enron.com,eric.bass@enron.com,don.baughman@enron.com","bobette.riner@ipgdirect.com,kayne.coulter@enron.com,patti.thompson@enron.com"
2011-06,"eric.bass@enron.com,johnny.palmer@enron.com,bobette.riner@ipgdirect.com","kayne.coulter@enron.com,don.baughman@enron.com,sally.beck@enron.com"
2011-07,"patti.thompson@enron.com,sally.beck@enron.com,bobette.riner@ipgdirect.com","lydia.delgado@enron.com,kayne.coulter@enron.com,don.baughman@enron.com"
2011-08,"john.arnold@enron.com,lydia.delgado@enron.com,don.baughman@enron.com","kayne.coulter@enron.com,rhonda.denton@enron.com,bobette.riner@ipgdirect.com"
2011-09,"kayne.coulter@enron.com,don.baughman@enron.com,patti.thompson@enron.com","sally.beck@enron.com,john.arnold@enron.com,johnny.palmer@enron.com"
2011-10,"lydia.delgado@enron.com,john.arnold@enron.com,don.baughman@enron.com","bobette.riner@ipgdirect.com,rhonda.denton@enron.com,johnny.palmer@enron.com"
2011-11,"kayne.coulter@enron.com,john.arnold@enron.com,bobette.riner@ipgdirect.com","eric.bass@enron.com,rhonda.denton@enron.com,lydia.delgado@enron.com"
2011-12,"eric.bass@enron.com,patti.thompson@enron.com,lydia.delgado@enron.com","johnny.palmer@enron.com,bobette.riner@ipgdirect.com,john.arnold@enron.com"
